clade	gene	site	alt
I	nuc	721	G
I	nuc	892	A
I	nuc	967	G
I	nuc	1132	G
I	nuc	4834	C
I	nuc	6376	C
I	nuc	7712	A
II	nuc	811	G
II	nuc	1078	G
II	nuc	685	A
II	nuc	1108	T
II	nuc	7075	A
II	nuc	9651	A
III	nuc	406	A
III	nuc	868	G
III	nuc	1108	C
III	nuc	2938	T
III	nuc	4237	C
III	nuc	7759	G
IV	nuc	823	G
IV	nuc	895	C
IV	nuc	1372	A
IV	nuc	2261	A
IV	nuc	5896	A
IV	nuc	8170	T
VI	nuc	427	A
VI	nuc	859	A
VI	nuc	1172	A
VI	nuc	3650	A
VI	nuc	8605	C
VII	nuc	294	G
VII	nuc	596	A
VII	nuc	1090	C
VII	nuc	2376	T
VII	nuc	4456	T
VII	nuc	7027	A
V	nuc	733	T
V	nuc	910	A
V	nuc	1117	A
V	nuc	3073	A
V	nuc	7216	C
V	nuc	8584	A
